"","Gender","age","education","English.exam","height","weight","X100.meter..s.","long.jump","income.K.Month.","treval..time.Month.","movie..time.Month.","Promotion","Study.abroad..time.","marrage","children"
"1","female",47,"high school",64,166,80,16,115,21,1,0,"Assistant Manager",0,1,2
"2","female",46,"college",82,173,80,15,118,40,2,1,"Assistant Manager",0,1,2
"5","female",45,"master",85,164,75,17,120,42,2,0,"Manager",0,0,0
"7","female",43,"master",93,159,50,18,131,40,4,1,"Manager",1,1,3
"8","female",42,"PH.D",92,170,84,18,112,52,3,0,"Manager",0,1,1
"9","female",41,"master",90,171,76,15,135,37,3,2,"Assistant Manager",1,0,0
"13","female",37,"master",80,174,66,14,145,40,3,2,"Assistant Manager",0,0,0
"16","female",35,"master",79,185,78,13,182,38,3,3,"CEO",0,0,0
"17","female",34,"college",63,179,65,12,187,35,2,1,"Assistant Manager",0,1,1
"19","female",33,"PH.D",90,170,82,15,190,44,2,1,"Assistant Manager",1,1,1
"20","female",33,"high school",62,172,85,14,185,23,1,1,"Assistant Manager",0,0,0
"21","female",32,"master",86,172,89,15,184,35,2,2,"Manager",0,0,0
"23","female",32,"high school",65,183,80,14,200,22,1,2,"Assistant Manager",0,0,0
"24","female",30,"master",87,178,72,12,194,32,3,2,"Manager",1,1,3
"26","female",27,"master",94,174,73,14,189,28,2,1,"Assistant Manager",1,0,0
"27","female",27,"master",90,167,63,15,171,27,1,0,"Assistant Manager",1,1,2
"28","female",27,"college",86,175,70,14,193,27,1,1,"Assistant Manager",0,0,0
"30","female",26,"master",85,180,75,15,199,27,2,1,"CEO",1,0,0
"31","female",25,"college",80,165,68,15,173,26,1,1,"chief",0,1,2
"32","female",24,"college",73,157,61,16,177,26,1,0,"chief",0,1,1
"35","female",22,"college",82,168,77,18,183,28,0,1,"chief",0,1,3
"36","female",21,"college",97,174,71,13,214,23,1,2,"chief",1,1,1
"38","female",19,"college",87,176,78,13,180,25,2,1,"chief",1,1,1
"39","female",19,"high school",80,169,70,17,205,18,1,1,"Manager",0,0,0
"40","female",18,"college",84,165,72,14,172,25,1,3,"chief",0,0,0
"41","female",18,"high school",76,181,73,11,202,17,0,1,"chief",0,0,0
"43","female",17,"high school",83,170,60,11,206,24,2,3,"chief",0,0,0
"45","female",17,"high school",66,173,74,13,197,18,0,1,"chief",0,0,0
"48","female",15,"high school",75,155,55,14,188,15,0,0,"chief",0,0,0
