"","Gender","age","education","English.exam","height","weight","X100.meter..s.","long.jump","income.K.Month.","treval..time.Month.","movie..time.Month.","Promotion","Study.abroad..time.","marrage","children"
"3","male",46,"high school",67,143,55,18,82,25,0,1,"chief",0,0,0
"4","male",45,"PH.D",87,157,56,17,81,50,4,1,"CEO",0,0,0
"6","male",44,"high school",72,168,54,12,83,24,1,0,"chief",0,0,0
"10","male",40,"college",80,156,50,15,102,35,3,2,"Manager",0,1,1
"11","male",38,"master",90,144,48,14,124,39,3,2,"CEO",1,1,2
"12","male",37,"master",87,170,56,12,112,41,3,3,"Manager",0,1,1
"14","male",36,"high school",80,154,62,18,114,18,0,2,"chief",0,1,3
"15","male",35,"PH.D",85,169,50,16,143,45,4,5,"CEO",0,1,2
"18","male",34,"college",72,146,52,13,122,33,2,3,"Manager",0,0,0
"22","male",32,"PH.D",97,163,60,17,141,34,3,4,"Manager",2,1,1
"25","male",28,"master",73,165,54,13,144,25,2,3,"Manager",0,1,1
"29","male",27,"master",95,152,65,16,135,24,1,3,"Manager",1,0,0
"33","male",24,"college",90,161,45,15,148,25,0,5,"Manager",0,0,0
"34","male",23,"college",75,160,47,14,140,26,1,4,"CEO",0,0,0
"37","male",20,"college",94,148,46,18,137,24,1,3,"Assistant Manager",0,0,0
"42","male",18,"high school",93,153,55,14,154,15,1,2,"chief",2,0,0
"44","male",17,"high school",82,147,51,16,138,18,2,1,"chief",1,0,0
"46","male",16,"high school",90,150,50,13,142,17,0,1,"chief",1,0,0
"47","male",15,"high school",61,147,45,15,130,25,2,5,"chief",0,0,0
"49","male",15,"high school",78,145,45,16,132,14,0,3,"Assistant Manager",0,0,0
