Gender,age,education,English exam,height,weight,100 meter (s),long jump,income(K/Month),treval (time/Month),movie (time/Month),Promotion,Study abroad (time),marrage,children
female,47,high school,64,166,80,16,115,21,1,0,Assistant Manager,0,1,2
female,46,college,82,173,80,15,118,40,2,1,Assistant Manager,0,1,2
male,46,high school,67,143,55,18,82,25,0,1,chief,0,0,0
male,45,PH.D,87,157,56,17,81,50,4,1,CEO,0,0,0
female,45,master,85,164,75,17,120,42,2,0,Manager,0,0,0
male,44,high school,72,168,54,12,83,24,1,0,chief,0,0,0
female,43,master,93,159,50,18,131,40,4,1,Manager,1,1,3
female,42,PH.D,92,170,84,18,112,52,3,0,Manager,0,1,1
female,41,master,90,171,76,15,135,37,3,2,Assistant Manager,1,0,0
male,40,college,80,156,50,15,102,35,3,2,Manager,0,1,1
male,38,master,90,144,48,14,124,39,3,2,CEO,1,1,2
male,37,master,87,170,56,12,112,41,3,3,Manager,0,1,1
female,37,master,80,174,66,14,145,40,3,2,Assistant Manager,0,0,0
male,36,high school,80,154,62,18,114,18,0,2,chief,0,1,3
male,35,PH.D,85,169,50,16,143,45,4,5,CEO,0,1,2
female,35,master,79,185,78,13,182,38,3,3,CEO,0,0,0
female,34,college,63,179,65,12,187,35,2,1,Assistant Manager,0,1,1
male,34,college,72,146,52,13,122,33,2,3,Manager,0,0,0
female,33,PH.D,90,170,82,15,190,44,2,1,Assistant Manager,1,1,1
female,33,high school,62,172,85,14,185,23,1,1,Assistant Manager,0,0,0
female,32,master,86,172,89,15,184,35,2,2,Manager,0,0,0
male,32,PH.D,97,163,60,17,141,34,3,4,Manager,2,1,1
female,32,high school,65,183,80,14,200,22,1,2,Assistant Manager,0,0,0
female,30,master,87,178,72,12,194,32,3,2,Manager,1,1,3
male,28,master,73,165,54,13,144,25,2,3,Manager,0,1,1
female,27,master,94,174,73,14,189,28,2,1,Assistant Manager,1,0,0
female,27,master,90,167,63,15,171,27,1,0,Assistant Manager,1,1,2
female,27,college,86,175,70,14,193,27,1,1,Assistant Manager,0,0,0
male,27,master,95,152,65,16,135,24,1,3,Manager,1,0,0
female,26,master,85,180,75,15,199,27,2,1,CEO,1,0,0
female,25,college,80,165,68,15,173,26,1,1,chief,0,1,2
female,24,college,73,157,61,16,177,26,1,0,chief,0,1,1
male,24,college,90,161,45,15,148,25,0,5,Manager,0,0,0
male,23,college,75,160,47,14,140,26,1,4,CEO,0,0,0
female,22,college,82,168,77,18,183,28,0,1,chief,0,1,3
female,21,college,97,174,71,13,214,23,1,2,chief,1,1,1
male,20,college,94,148,46,18,137,24,1,3,Assistant Manager,0,0,0
female,19,college,87,176,78,13,180,25,2,1,chief,1,1,1
female,19,high school,80,169,70,17,205,18,1,1,Manager,0,0,0
female,18,college,84,165,72,14,172,25,1,3,chief,0,0,0
female,18,high school,76,181,73,11,202,17,0,1,chief,0,0,0
male,18,high school,93,153,55,14,154,15,1,2,chief,2,0,0
female,17,high school,83,170,60,11,206,24,2,3,chief,0,0,0
male,17,high school,82,147,51,16,138,18,2,1,chief,1,0,0
female,17,high school,66,173,74,13,197,18,0,1,chief,0,0,0
male,16,high school,90,150,50,13,142,17,0,1,chief,1,0,0
male,15,high school,61,147,45,15,130,25,2,5,chief,0,0,0
female,15,high school,75,155,55,14,188,15,0,0,chief,0,0,0
male,15,high school,78,145,45,16,132,14,0,3,Assistant Manager,0,0,0
